Workbook
Name _4EquipInstru: [1]Catalogos!$AT$29:$AT$32+[1]Catalogos!$AT$29:$AT$32
Name AS: #REF!
Name avances: #REF!
Name avn: #REF!
Name Bienes: #REF!
Name CIE: #REF!
Name CIERRE: #REF!
Name Consultoría: #REF!
Name Consultoría_Individuos: #REF!
Name diagnostico: #REF!
Name Estados: #REF!
Name fdfsdfsdf: #REF!
Name FFFF: #REF!
Name ffsdfsdfsdfsdfsd: #REF!
Name FINAL: #REF!
Name FORMATO2: #REF!
Name FR: #REF!
Name h: [2]Catalogos!$AT$29:$AT$32+[2]Catalogos!$AT$29:$AT$32
Name JJ: #REF!
Name KK: #REF!
Name M_AP: Catalogos2024!$K$5:$K$9
Name ME_ALC: Catalogos2024!$K$18:$K$19
Name ME_AP: Catalogos2024!$K$5:$K$6
Name ME_SAN: Catalogos2024!$K$28:$K$29
Name MIERDA: #REF!
Name Monitoreo: #REF!
Name mono: #REF!
Name MUNICIPIO: '[3]Hoja1 (2)'!$A$2:$A$113
Name Municipios: [4]MuniZapios!$B$2:$B$120
Name N_ALC: Catalogos2024!$D$18:$D$23
Name N_AP: Catalogos2024!$D$5:$D$13
Name N_SAN: Catalogos2024!$D$28:$D$33
Name ngng: #REF!
Name Nuevo: #REF!
Name Nuevo2: #REF!
Name NVA_ALC: Catalogos2024!$D$18:$D$24
Name NVA_AP: Catalogos2024!$D$5:$D$14
Name NVA_SAN: Catalogos2024!$D$28:$D$36
Name Obras: #REF!
Name plan: #REF!
Name pp: #REF!
Name R_ALC: Catalogos2024!$H$18:$H$23
Name R_AP: Catalogos2024!$H$5:$H$13
Name R_SAN: Catalogos2024!$H$28:$H$33
Name REHA_ALC: Catalogos2024!$H$18:$H$24
Name REHA_AP: Catalogos2024!$H$5:$H$14
Name REHA_SAN: Catalogos2024!$H$28:$H$34
Name ret: #REF!
Name Selección: #REF!
Name Tipo_de_adquisición: #REF!
Name TTT: #REF!
Name VIEJO: #REF!
Name xxxx: #REF!

Sheet Resumen general
E3: Programa de Agua Potable, Drenaje y Tratamiento (PROAGUA) 202__
E4: Ejercicio 202__
E5: Informe final de acciones
C6: Acciones para infraestructura de agua potable, alcantarillado y saneamiento en localidades rurales y urbanas
E7: R e s u m e n G e n e r a l
B9: Entidad Federativa: __________________________________ | F9: Ejecutor: | M9: Fecha de elaboración:
B12: Componente/Subcomponente | D12: Localidades Rurales | K12: Localidades Urbanas
D13: Fuente de financiamiento | K13: Fuente de financiamiento
D14: Federal | E14: Estado | F14: Municipio | G14: Organismo operador | H14: Otros | I14: Total | K14: Federal | L14: Estado | M14: Municipio | N14: Organismo operador | O14: Otros | P14: Total
B16: Componente Agua potable | D16: =SUM(D17:D19) -> 0 | E16: =SUM(E17:E19) -> 0 | F16: =SUM(F17:F19) -> 0 | G16: =SUM(G17:G19) -> 0 | H16: =SUM(H17:H19) -> 0 | I16: =SUM(I17:I19) -> 0 | K16: =SUM(K17:K19) -> 0 | L16: =SUM(L17:L19) -> 0 | M16: =SUM(M17:M19) -> 0 | N16: =SUM(N17:N19) -> 0 | O16: =SUM(O17:O19) -> 0 | P16: =SUM(P17:P19) -> 0
B17: Nuevo | D17: =SUMIFS('Acciones rurales'!W15:W18,'Acciones rurales'!K15:K18,"=N") -> 0 | E17: =SUMIFS('Acciones rurales'!X15:X18,'Acciones rurales'!K15:K18,"=N") -> 0 | F17: =SUMIFS('Acciones rurales'!Y15:Y18,'Acciones rurales'!K15:K18,"=N") -> 0 | G17: =SUMIFS('Acciones rurales'!Z15:Z18,'Acciones rurales'!K15:K18,"=N") -> 0 | H17: =SUMIFS('Acciones rurales'!AA15:AA18,'Acciones rurales'!K15:K18,"=N") -> 0 | I17: =SUM(D17:H17) -> 0 | K17: =SUMIFS('Acciones urbanas'!W15:W18,'Acciones urbanas'!K15:K18,"=N") -> 0 | L17: =SUMIFS('Acciones urbanas'!X15:X18,'Acciones urbanas'!K15:K18,"=N") -> 0 | M17: =SUMIFS('Acciones urbanas'!Y15:Y18,'Acciones urbanas'!K15:K18,"=N") -> 0 | N17: =SUMIFS('Acciones urbanas'!Z15:Z18,'Acciones urbanas'!K15:K18,"=N") -> 0 | O17: =SUMIFS('Acciones urbanas'!AA15:AA18,'Acciones urbanas'!K15:K18,"=N") -> 0 | P17: =SUM(K17:O17) -> 0
B18: Rehabilitado | D18: =SUMIFS('Acciones rurales'!W15:W18,'Acciones rurales'!K15:K18,"=R") -> 0 | E18: =SUMIFS('Acciones rurales'!X15:X18,'Acciones rurales'!K15:K18,"=R") -> 0 | F18: =SUMIFS('Acciones rurales'!Y15:Y18,'Acciones rurales'!K15:K18,"=R") -> 0 | G18: =SUMIFS('Acciones rurales'!Z15:Z18,'Acciones rurales'!K15:K18,"=R") -> 0 | H18: =SUMIFS('Acciones rurales'!AA15:AA18,'Acciones rurales'!K15:K18,"=R") -> 0 | I18: =SUM(D18:H18) -> 0 | K18: =SUMIFS('Acciones urbanas'!W15:W18,'Acciones urbanas'!K15:K18,"=R") -> 0 | L18: =SUMIFS('Acciones urbanas'!X15:X18,'Acciones urbanas'!K15:K18,"=R") -> 0 | M18: =SUMIFS('Acciones urbanas'!Y15:Y18,'Acciones urbanas'!K15:K18,"=R") -> 0 | N18: =SUMIFS('Acciones urbanas'!Z15:Z18,'Acciones urbanas'!K15:K18,"=R") -> 0 | O18: =SUMIFS('Acciones urbanas'!AA15:AA18,'Acciones urbanas'!K15:K18,"=R") -> 0 | P18: =SUM(K18:O18) -> 0
B19: Mejoramiento de eficiencia | D19: =SUMIFS('Acciones rurales'!W15:W18,'Acciones rurales'!K15:K18,"=M") -> 0 | E19: =SUMIFS('Acciones rurales'!X15:X18,'Acciones rurales'!K15:K18,"=M") -> 0 | F19: =SUMIFS('Acciones rurales'!Y15:Y18,'Acciones rurales'!K15:K18,"=M") -> 0 | G19: =SUMIFS('Acciones rurales'!Z15:Z18,'Acciones rurales'!K15:K18,"=M") -> 0 | H19: =SUMIFS('Acciones rurales'!AA15:AA18,'Acciones rurales'!K15:K18,"=M") -> 0 | I19: =SUM(D19:H19) -> 0 | K19: =SUMIFS('Acciones urbanas'!W15:W18,'Acciones urbanas'!K15:K18,"=M") -> 0 | L19: =SUMIFS('Acciones urbanas'!X15:X18,'Acciones urbanas'!K15:K18,"=M") -> 0 | M19: =SUMIFS('Acciones urbanas'!Y15:Y18,'Acciones urbanas'!K15:K18,"=M") -> 0 | N19: =SUMIFS('Acciones urbanas'!Z15:Z18,'Acciones urbanas'!K15:K18,"=M") -> 0 | O19: =SUMIFS('Acciones urbanas'!AA15:AA18,'Acciones urbanas'!K15:K18,"=M") -> 0 | P19: =SUM(K19:O19) -> 0
B20: Componente Alcantarillado | D20: =SUM(D21:D23) -> 0 | E20: =SUM(E21:E23) -> 0 | F20: =SUM(F21:F23) -> 0 | G20: =SUM(G21:G23) -> 0 | H20: =SUM(H21:H23) -> 0 | I20: =SUM(I21:I23) -> 0 | K20: =SUM(K21:K23) -> 0 | L20: =SUM(L21:L23) -> 0 | M20: =SUM(M21:M23) -> 0 | N20: =SUM(N21:N23) -> 0 | O20: =SUM(O21:O23) -> 0 | P20: =SUM(P21:P23) -> 0
B21: Nuevo | D21: =SUMIFS('Acciones rurales'!W21:W24,'Acciones rurales'!K21:K24,"=N") -> 0 | E21: =SUMIFS('Acciones rurales'!X21:X24,'Acciones rurales'!K21:K24,"=N") -> 0 | F21: =SUMIFS('Acciones rurales'!Y21:Y24,'Acciones rurales'!K21:K24,"=N") -> 0 | G21: =SUMIFS('Acciones rurales'!Z21:Z24,'Acciones rurales'!K21:K24,"=N") -> 0 | H21: =SUMIFS('Acciones rurales'!AA21:AA24,'Acciones rurales'!K21:K24,"=N") -> 0 | I21: =SUM(D21:H21) -> 0 | K21: =SUMIFS('Acciones urbanas'!W21:W24,'Acciones urbanas'!K21:K24,"=N") -> 0 | L21: =SUMIFS('Acciones urbanas'!X21:X24,'Acciones urbanas'!K21:K24,"=N") -> 0 | M21: =SUMIFS('Acciones urbanas'!Y21:Y24,'Acciones urbanas'!K21:K24,"=N") -> 0 | N21: =SUMIFS('Acciones urbanas'!Z21:Z24,'Acciones urbanas'!K21:K24,"=N") -> 0 | O21: =SUMIFS('Acciones urbanas'!AA21:AA24,'Acciones urbanas'!K21:K24,"=N") -> 0 | P21: =SUM(K21:O21) -> 0
B22: Rehabilitado | D22: =SUMIFS('Acciones rurales'!W21:W24,'Acciones rurales'!K21:K24,"=R") -> 0 | E22: =SUMIFS('Acciones rurales'!X21:X24,'Acciones rurales'!K21:K24,"=R") -> 0 | F22: =SUMIFS('Acciones rurales'!Y21:Y24,'Acciones rurales'!K21:K24,"=R") -> 0 | G22: =SUMIFS('Acciones rurales'!Z21:Z24,'Acciones rurales'!K21:K24,"=R") -> 0 | H22: =SUMIFS('Acciones rurales'!AA21:AA24,'Acciones rurales'!K21:K24,"=R") -> 0 | I22: =SUM(D22:H22) -> 0 | K22: =SUMIFS('Acciones urbanas'!W21:W24,'Acciones urbanas'!K21:K24,"=R") -> 0 | L22: =SUMIFS('Acciones urbanas'!X21:X24,'Acciones urbanas'!K21:K24,"=R") -> 0 | M22: =SUMIFS('Acciones urbanas'!Y21:Y24,'Acciones urbanas'!K21:K24,"=R") -> 0 | N22: =SUMIFS('Acciones urbanas'!Z21:Z24,'Acciones urbanas'!K21:K24,"=R") -> 0 | O22: =SUMIFS('Acciones urbanas'!AA21:AA24,'Acciones urbanas'!K21:K24,"=R") -> 0 | P22: =SUM(K22:O22) -> 0
B24: Componente Saneamiento | D24: =SUM(D25:D27) -> 0 | E24: =SUM(E25:E27) -> 0 | F24: =SUM(F25:F27) -> 0 | G24: =SUM(G25:G27) -> 0 | H24: =SUM(H25:H27) -> 0 | I24: =SUM(I25:I27) -> 0 | K24: =SUM(K25:K27) -> 0 | L24: =SUM(L25:L27) -> 0 | M24: =SUM(M25:M27) -> 0 | N24: =SUM(N25:N27) -> 0 | O24: =SUM(O25:O27) -> 0 | P24: =SUM(P25:P27) -> 0
B25: Nuevo | D25: =SUMIFS('Acciones rurales'!W27:W30,'Acciones rurales'!K27:K30,"=N") -> 0 | E25: =SUMIFS('Acciones rurales'!X27:X30,'Acciones rurales'!K27:K30,"=N") -> 0 | F25: =SUMIFS('Acciones rurales'!Y27:Y30,'Acciones rurales'!K27:K30,"=N") -> 0 | G25: =SUMIFS('Acciones rurales'!Z27:Z30,'Acciones rurales'!K27:K30,"=N") -> 0 | H25: =SUMIFS('Acciones rurales'!AA27:AA30,'Acciones rurales'!K27:K30,"=N") -> 0 | I25: =SUM(D25:H25) -> 0 | K25: =SUMIFS('Acciones urbanas'!W27:W30,'Acciones urbanas'!K27:K30,"=N") -> 0 | L25: =SUMIFS('Acciones urbanas'!X27:X30,'Acciones urbanas'!K27:K30,"=N") -> 0 | M25: =SUMIFS('Acciones urbanas'!Y27:Y30,'Acciones urbanas'!K27:K30,"=N") -> 0 | N25: =SUMIFS('Acciones urbanas'!Z27:Z30,'Acciones urbanas'!K27:K30,"=N") -> 0 | O25: =SUMIFS('Acciones urbanas'!AA27:AA30,'Acciones urbanas'!K27:K30,"=N") -> 0 | P25: =SUM(K25:O25) -> 0
B26: Rehabilitado | D26: =SUMIFS('Acciones rurales'!W27:W30,'Acciones rurales'!K27:K30,"=R") -> 0 | E26: =SUMIFS('Acciones rurales'!X27:X30,'Acciones rurales'!K27:K30,"=R") -> 0 | F26: =SUMIFS('Acciones rurales'!Y27:Y30,'Acciones rurales'!K27:K30,"=R") -> 0 | G26: =SUMIFS('Acciones rurales'!Z27:Z30,'Acciones rurales'!K27:K30,"=R") -> 0 | H26: =SUMIFS('Acciones rurales'!AA27:AA30,'Acciones rurales'!K27:K30,"=R") -> 0 | I26: =SUM(D26:H26) -> 0 | K26: =SUMIFS('Acciones urbanas'!W27:W30,'Acciones urbanas'!K27:K30,"=R") -> 0 | L26: =SUMIFS('Acciones urbanas'!X27:X30,'Acciones urbanas'!K27:K30,"=R") -> 0 | M26: =SUMIFS('Acciones urbanas'!Y27:Y30,'Acciones urbanas'!K27:K30,"=R") -> 0 | N26: =SUMIFS('Acciones urbanas'!Z27:Z30,'Acciones urbanas'!K27:K30,"=R") -> 0 | O26: =SUMIFS('Acciones urbanas'!AA27:AA30,'Acciones urbanas'!K27:K30,"=R") -> 0 | P26: =SUM(K26:O26) -> 0
B28: Participación social / Atención Social | D28: ='Acciones rurales'!W33 -> 0 | E28: ='Acciones rurales'!X33 -> 0 | F28: ='Acciones rurales'!Y33 -> 0 | G28: ='Acciones rurales'!Z33 -> 0 | H28: ='Acciones rurales'!AA33 -> 0 | I28: =SUM(D28:H28) -> 0 | K28: ='Acciones urbanas'!W33 -> 0 | L28: ='Acciones urbanas'!X33 -> 0 | M28: ='Acciones urbanas'!Y33 -> 0 | N28: ='Acciones urbanas'!Z33 -> 0 | O28: ='Acciones urbanas'!AA33 -> 0 | P28: =SUM(K28:O28) -> 0
B29: Participación social / Contraloria Social | D29: ='Acciones rurales'!W34 -> 0 | E29: ='Acciones rurales'!X34 -> 0 | F29: ='Acciones rurales'!Y34 -> 0 | G29: ='Acciones rurales'!Z34 -> 0 | H29: ='Acciones rurales'!AA34 -> 0 | I29: =SUM(D29:H29) -> 0 | K29: ='Acciones urbanas'!W34 -> 0 | L29: ='Acciones urbanas'!X34 -> 0 | M29: ='Acciones urbanas'!Y34 -> 0 | N29: ='Acciones urbanas'!Z34 -> 0 | O29: ='Acciones urbanas'!AA34 -> 0 | P29: =SUM(K29:O29) -> 0
B30: Supervisión Técnica | D30: ='Acciones rurales'!W35 -> 0 | E30: ='Acciones rurales'!X35 -> 0 | F30: ='Acciones rurales'!Y35 -> 0 | G30: ='Acciones rurales'!Z35 -> 0 | H30: ='Acciones rurales'!AA35 -> 0 | I30: =SUM(D30:H30) -> 0 | K30: ='Acciones urbanas'!W35 -> 0 | L30: ='Acciones urbanas'!X35 -> 0 | M30: ='Acciones urbanas'!Y35 -> 0 | N30: ='Acciones urbanas'!Z35 -> 0 | O30: ='Acciones urbanas'!AA35 -> 0 | P30: =SUM(K30:O30) -> 0
B32: T O T A L | D32: =D16+D20+D24+SUM(D28:D30) -> 0 | E32: =E16+E20+E24+SUM(E28:E30) -> 0 | F32: =F16+F20+F24+SUM(F28:F30) -> 0 | G32: =G16+G20+G24+SUM(G28:G30) -> 0 | H32: =H16+H20+H24+SUM(H28:H30) -> 0 | I32: =I16+I20+I24+SUM(I28:I30) -> 0 | K32: =K16+K20+K24+SUM(K28:K30) -> 0 | L32: =L16+L20+L24+SUM(L28:L30) -> 0 | M32: =M16+M20+M24+SUM(M28:M30) -> 0 | N32: =N16+N20+N24+SUM(N28:N30) -> 0 | O32: =O16+O20+O24+SUM(O28:O30) -> 0 | P32: =P16+P20+P24+SUM(P28:P30) -> 0
I34: Montos totales (localidades rurales y urbanas) | K34: =D32+K32 -> 0 | L34: =E32+L32 -> 0 | M34: =F32+M32 -> 0 | N34: =G32+N32 -> 0 | O34: =H32+O32 -> 0 | P34: =SUM(K34:O34) -> 0
B36: Nota: Los montos de inversión en el presente Anexo Técnico, se anotarán en pesos, a dos decimales.
B37: El presente Informe final se firma en cuatro ejemplares originales, a los ______ días del mes de _____________ de 202_
B39: Deberán firmar las mismas personas que suscribieron el Anexo de Ejecución
B41: Por el Ejecutivo Federal | F41: Por el Beneficiario | M41: Por la Instancia Ejecutora
B42: Secretaría de Medio Ambiente y Recursos Naturales | F42: (Quien conforme a su normatividad tenga atribuciones)
B43: Comisión Nacional del Agua
B46: (nombre, cargo y firma) | F46: (nombre, cargo y firma) | M46: (nombre, cargo y firma)

Sheet Acciones rurales
G3: Programa de Agua Potable, Drenaje y Tratamiento (PROAGUA) 202__
G4: Ejercicio 202__
G5: Informe final de acciones
G7: Acciones para Infraestructura de agua potable, alcantarillado y saneamiento (Localidades Rurales)
G9: Entidad Federativa: | J9: Ejecutor: | X9: Fecha de elaboración:
C11: No. | D11: Clave única de acción (CUA) | E11: ID de SISBA | F11: Localización | I11: Grado de marginación (CONAPO) | J11: Descripción (clara) de acción | K11: Sub componente ( N, R o M) | L11: ROP Anexo IV | M11: Metas | O11: Habitantes beneficiados (por localidad) | T11: *Estrategia impactada DH, CI o PP | U11: Programa transversal ** | W11: Estructura financiera | AC11: % de Aportación Federal
F13: Clave INEGI (9 dígitos) | G13: Municipio | H13: Localidad | L13: Acción | M13: Unidad | N13: Cantidad | O13: Incorp. | P13: Mejor. | Q13: Mujeres | R13: Indígena | S13: Afromexicano | W13: Federal | X13: Estatal | Y13: Municipal | Z13: Organismo operador | AA13: Otros | AB13: TOTAL
F14: Componente Agua Potable
C15: 1 | AB15: =SUM(W15:Z15) -> 0
C16: 2 | AB16: =SUM(W16:Z16) -> 0
C17: 3 | AB17: =SUM(W17:Z17) -> 0
C18: 4 | AB18: =SUM(W18:Z18) -> 0
M19: Total componente Agua Potable | O19: =SUM(O15:O18) -> 0 | P19: =SUM(P15:P18) -> 0 | Q19: =SUM(Q15:Q18) -> 0 | R19: =SUM(R15:R18) -> 0 | S19: =SUM(S15:S18) -> 0 | W19: =SUM(W15:W18) -> 0 | X19: =SUM(X15:X18) -> 0 | Y19: =SUM(Y15:Y18) -> 0 | Z19: =SUM(Z15:Z18) -> 0 | AA19: =SUM(AA15:AA18) -> 0 | AB19: =SUM(AB15:AB18) -> 0
F20: Componente Alcantarillado
C21: 5 | AB21: =SUM(W21:Z21) -> 0
C22: 6 | AB22: =SUM(W22:Z22) -> 0
C23: 7 | AB23: =SUM(W23:Z23) -> 0
C24: 8 | AB24: =SUM(W24:Z24) -> 0
M25: Total componente Alcantarillado | O25: =SUM(O21:O24) -> 0 | P25: =SUM(P21:P24) -> 0 | Q25: =SUM(Q21:Q24) -> 0 | R25: =SUM(R21:R24) -> 0 | S25: =SUM(S21:S24) -> 0 | W25: =SUM(W21:W24) -> 0 | X25: =SUM(X21:X24) -> 0 | Y25: =SUM(Y21:Y24) -> 0 | Z25: =SUM(Z21:Z24) -> 0 | AA25: =SUM(AA21:AA24) -> 0 | AB25: =SUM(AB21:AB24) -> 0
F26: Componente Saneamiento
C27: 9 | AB27: =SUM(W27:AA27) -> 0
C28: 10 | AB28: =SUM(W28:Z28) -> 0
C29: 11 | AB29: =SUM(W29:Z29) -> 0
C30: 12 | AB30: =SUM(W30:AA30) -> 0
M31: Total componente Saneamiento | O31: =SUM(O27:O30) -> 0 | P31: =SUM(P27:P30) -> 0 | Q31: =SUM(Q27:Q30) -> 0 | R31: =SUM(R27:R30) -> 0 | S31: =SUM(S27:S30) -> 0 | W31: =SUM(W27:W30) -> 0 | X31: =SUM(X27:X30) -> 0 | Y31: =SUM(Y27:Y30) -> 0 | Z31: =SUM(Z27:Z30) -> 0 | AA31: =SUM(AA27:AA30) -> 0 | AB31: =SUM(AB27:AB30) -> 0
C33: 13 | J33: Participación social / Atención Social | M33: Expediente | AB33: =SUM(W33:AA33) -> 0
C34: 14 | J34: Participación social / Contraloria Social | M34: Informe | AB34: =SUM(W34:AA34) -> 0
C35: 15 | J35: Supervisión técnica | AB35: =SUM(W35:AA35) -> 0
O36: =O19+O25+O31 -> 0 | P36: =SUM(P33:P35)+P19+P25+P31 -> 0 | Q36: =SUM(Q33:Q35)+Q19+Q25+Q31 -> 0 | R36: =SUM(R33:R35)+R19+R25+R31 -> 0 | S36: =SUM(S33:S35)+S19+S25+S31 -> 0 | W36: =SUM(W33:W35)+W19+W25+W31 -> 0 | X36: =SUM(X33:X35)+X19+X25+X31 -> 0 | Y36: =SUM(Y33:Y35)+Y19+Y25+Y31 -> 0 | Z36: =SUM(Z33:Z35)+Z19+Z25+Z31 -> 0 | AA36: =SUM(AA33:AA35)+AA19+AA25+AA31 -> 0 | AB36: =SUM(AB33:AB35)+AB19+AB25+AB31 -> 0
F38: Notas | G38: Acciones de estudios y proyectos, no registrar habitantes beneficiados.
G39: La suma de habitantes beneficiados, no debe ser mayor a la población total. | P39: * Estrategias impactadas: | T39: ** Programas transversales a atender:
G40: El presente informe final se llenará por la instancia ejecutora. | O40: DH= Derechos Humanos | T40: P1 | U40: Desarrollo integral para pueblos y comunidades indígenas.
G41: Los montos de inversión en el presente informe final, se anotarán en pesos, a dos decimales. | O41: CI= Compromiso Internacional | T41: P2 | U41: Programa Especial Concurrente para el desarrollo rural sustentable (PEC)
O42: PP= Proyecto prioritario | T42: P3 | U42: Adaptación y mitigación de los efectos de cambio climático
T43: P4 | U43: Programa para superar la pobreza
G44: El presente informe final se firma en cuatro ejemplares originales, a los ______ días del mes de _____________ de 202_
G47: Por el Ejecutivo Federal | M47: Por el Beneficiario | Z47: Por la Instancia Ejecutora
G48: Secretaría de Medio Ambiente y Recursos Naturales | L48: (Quien conforme a su normatividad tenga atribuciones)
G49: Comisión Nacional del Agua
G52: (nombre, cargo y firma) | M52: (nombre, cargo y firma) | Z52: (nombre, cargo y firma)

Sheet Acciones urbanas
G3: Programa de Agua Potable, Drenaje y Tratamiento (PROAGUA) 202__
G4: Ejercicio 202__
G5: Informe final de acciones
G7: Acciones para Infraestructura de agua potable, alcantarillado y saneamiento (Localidades Urbanas)
G9: Entidad Federativa: | J9: Ejecutor: | X9: Fecha de elaboración:
C11: No. | D11: Clave única de acción (CUA) | E11: ID de SISBA | F11: Localización | I11: Grado de marginación (CONAPO) | J11: Descripción (clara) de acción | K11: Sub componente ( N, R o M) | L11: ROP Anexo IV | M11: Metas | O11: Habitantes beneficiados (por localidad) | T11: *Estrategia impactada DH, CI o PP | U11: Programa transversal ** | W11: Estructura financiera | AC11: % de Aportación Federal
F13: Clave INEGI (9 dígitos) | G13: Municipio | H13: Localidad | L13: Acción | M13: Unidad | N13: Cantidad | O13: Incorp. | P13: Mejor. | Q13: Mujeres | R13: Indígena | S13: Afromexicano | W13: Federal | X13: Estatal | Y13: Municipal | Z13: Organismo operador | AA13: Otros | AB13: TOTAL
F14: Componente Agua Potable
C15: 1 | AB15: =SUM(W15:AA15) -> 0
C16: 2 | AB16: =SUM(W16:AA16) -> 0
C17: 3 | AB17: =SUM(W17:AA17) -> 0
C18: 4 | AB18: =SUM(W18:AA18) -> 0
M19: Total componente Agua Potable | O19: =SUM(O15:O18) -> 0 | P19: =SUM(P15:P18) -> 0 | Q19: =SUM(Q15:Q18) -> 0 | R19: =SUM(R15:R18) -> 0 | S19: =SUM(S15:S18) -> 0 | W19: =SUM(W15:W18) -> 0 | X19: =SUM(X15:X18) -> 0 | Y19: =SUM(Y15:Y18) -> 0 | Z19: =SUM(Z15:Z18) -> 0 | AA19: =SUM(AA15:AA18) -> 0 | AB19: =SUM(AB15:AB18) -> 0
F20: Componente Alcantarillado
C21: 5 | AB21: =SUM(W21:AA21) -> 0
C22: 6 | AB22: =SUM(W22:AA22) -> 0
C23: 7 | AB23: =SUM(W23:AA23) -> 0
C24: 8 | AB24: =SUM(W24:AA24) -> 0
M25: Total componente Alcantarillado | O25: =SUM(O21:O24) -> 0 | P25: =SUM(P21:P24) -> 0 | Q25: =SUM(Q21:Q24) -> 0 | R25: =SUM(R21:R24) -> 0 | S25: =SUM(S21:S24) -> 0 | W25: =SUM(W21:W24) -> 0 | X25: =SUM(X21:X24) -> 0 | Y25: =SUM(Y21:Y24) -> 0 | Z25: =SUM(Z21:Z24) -> 0 | AA25: =SUM(AA21:AA24) -> 0 | AB25: =SUM(AB21:AB24) -> 0
F26: Componente Saneamiento
C27: 9 | AB27: =SUM(W27:AA27) -> 0
C28: 10 | AB28: =SUM(W28:AA28) -> 0
C29: 11 | AB29: =SUM(W29:AA29) -> 0
C30: 12 | AB30: =SUM(W30:AA30) -> 0
M31: Total componente Saneamiento | O31: =SUM(O27:O30) -> 0 | P31: =SUM(P27:P30) -> 0 | Q31: =SUM(Q27:Q30) -> 0 | R31: =SUM(R27:R30) -> 0 | S31: =SUM(S27:S30) -> 0 | W31: =SUM(W27:W30) -> 0 | X31: =SUM(X27:X30) -> 0 | Y31: =SUM(Y27:Y30) -> 0 | Z31: =SUM(Z27:Z30) -> 0 | AA31: =SUM(AA27:AA30) -> 0 | AB31: =SUM(AB27:AB30) -> 0
C33: 13 | J33: Participación social / Atención Social | M33: Expediente | AB33: =SUM(W33:AA33) -> 0
C34: 14 | J34: Participación social / Contraloria Social | M34: Informe | AB34: =SUM(W34:AA34) -> 0
C35: 15 | J35: Supervisión técnica | AB35: =SUM(W35:AA35) -> 0
O36: =O19+O25+O31 -> 0 | P36: =SUM(P33:P35)+P19+P25+P31 -> 0 | Q36: =SUM(Q33:Q35)+Q19+Q25+Q31 -> 0 | R36: =SUM(R33:R35)+R19+R25+R31 -> 0 | S36: =SUM(S33:S35)+S19+S25+S31 -> 0 | W36: =SUM(W33:W35)+W19+W25+W31 -> 0 | X36: =SUM(X33:X35)+X19+X25+X31 -> 0 | Y36: =SUM(Y33:Y35)+Y19+Y25+Y31 -> 0 | Z36: =SUM(Z33:Z35)+Z19+Z25+Z31 -> 0 | AA36: =SUM(AA33:AA35)+AA19+AA25+AA31 -> 0 | AB36: =SUM(AB33:AB35)+AB19+AB25+AB31 -> 0
F38: Notas | G38: Acciones de estudios y proyectos, no registrar habitantes beneficiados.
G39: La suma de habitantes beneficiados, no debe ser mayor a la población total. | P39: * Estrategias impactadas: | T39: ** Programas transversales a atender:
G40: El presente informe final se llenará por la instancia ejecutora. | O40: DH= Derechos Humanos | T40: P1 | U40: Desarrollo integral para pueblos y comunidades indígenas.
G41: Los montos de inversión en el presente informe final, se anotarán en pesos, a dos decimales. | O41: CI= Compromiso Internacional | T41: P2 | U41: Programa Especial Concurrente para el desarrollo rural sustentable (PEC)
O42: PP= Proyecto prioritario | T42: P3 | U42: Adaptación y mitigación de los efectos de cambio climático
T43: P4 | U43: Programa para superar la pobreza
G44: El presente informe final se firma en cuatro ejemplares originales, a los ______ días del mes de _____________ de 202_
G47: Por el Ejecutivo Federal | M47: Por el Beneficiario | Z47: Por la Instancia Ejecutora
G48: Secretaría de Medio Ambiente y Recursos Naturales | L48: (Quien conforme a su normatividad tenga atribuciones)
G49: Comisión Nacional del Agua
G52: (nombre, cargo y firma) | M52: (nombre, cargo y firma) | Z52: (nombre, cargo y firma)

Sheet Catalogos2024
A1: SUBCOMPONENTES | D1: TIPOS DE ACCION POR SUBCOMPOENTES Agua, Alcantarillado y Saneamiento
D3: =INDIRECTO("N_AP") | H3: =INDIRECTO("R_AP") | K3: =INDIRECTO("M_AP")
A4: SubComponente Agua Potable | B4: Indice | D4: N_AP | E4: Indice | H4: R_AP | I4: Indice | K4: M_AP | L4: Indice
A5: N | B5: N_AP | D5: (A.1) Obra de captación subterránea | E5: _1ObrCapSub | H5: (A.1) Obra de captación subterránea | I5: _1ObrCapSub | K5: (A.1) Equipamiento o instrumentación
A6: R | B6: R_AP | D6: (A.2) Obra de captación superficial | E6: _2ObrCapSup | H6: (A.2) Obra de captación superficial | I6: _2ObrCapSup | K6: (A.2) Sistema comercial
A7: M | B7: M_AP | D7: (A.3) Línea de conducción | E7: _3LinConduc | H7: (A.3) Línea de conducción | I7: _3LinConduc | K7: (A.3) Estudios y diagnósticos
D8: (A.4) Tanque | E8: _4Tque | H8: (A.4) Tanque | I8: _4Tque | K8: (A.4) Pérdidas físicas de agua
D9: (A.5) Planta potabilizadora | E9: _5PP | H9: (A.5) Planta potabilizadora | I9: _5PP | K9: (A.5) Fortalecimiento de capacidades | L9: _1Capa
A10: SubComponente Alcantarillado | B10: Indice | D10: (A.6) Redes de distribución | E10: _6RedDistri | H10: (A.6) Redes de distribución | I10: _6RedDistri
A11: N | B11: N_ALC | D11: (A.7) Equipamiento | E11: _8Equip | H11: (A.7) Equipamiento | I11: _8Equip
A12: R | B12: R_ALC | D12: (A.8) Sistema integrado | E12: _9SisInte | H12: (A.8) Sistema integrado | I12: _9SisInte
D13: (A.10) Estudios y proyectos | E13: _11ProyEst | H13: (A.10) Estudios y proyectos | I13: _11ProyEst
A16: SubComponente Saneamiento | B16: Indice | D16: =INDIRECTO("N_ALC") | H16: =INDIRECTO("R_ALC") | K16: =INDIRECTO("M_ALC")
A17: N | B17: N_SAN | D17: N_ALC | E17: Indice | H17: R_ALC | I17: Indice | K17: M_ALC | L17: Indice
A18: R | B18: R_SAN | D18: (A.1) Sistema de atarjeas | E18: _1SistAtarjea | H18: (A.1) Sistema de atarjeas | I18: _1SistAtarjea
D19: (A.2) Sistema de colectores | E19: _2SistColec | H19: (A.2) Sistema de colectores | I19: _2SistColec
D20: (A.3) Equipamiento | E20: _4Equip | H20: (A.3) Equipamiento | I20: _4Equip
D21: (A.4) Sistema integrado* | E21: _5SisInte | H21: (A.4) Sistema integrado* | I21: _5SisInte
D22: (A.6) Estudios y proyectos | E22: _7ProyEst | H22: (A.6) Estudios y proyectos | I22: _7ProyEst
D26: =INDIRECTO("N_SAN") | H26: =INDIRECTO("R_SAN") | K26: =INDIRECTO("M_SAN")
D27: N_SAN | E27: Indice | H27: R_SAN | I27: Indice | K27: M_SAN | L27: Indice
D28: (A.1) Saneamiento básico | E28: _1SaneaBas | H28: (A.1) Saneamiento básico | I28: _1SaneaBas
D29: (A.2) Planta de tratamiento de aguas residuales | E29: _2PTAR | H29: (A.2) Planta de tratamiento de aguas residuales | I29: _2PTAR
D30: (A.3) Reutilización o intercambio de agua tratada | E30: _4ReuInter | H30: (A.3) Reutilización o intercambio de agua tratada | I30: _4ReuInter
D31: (A.4) Emisor | E31: _5Emisor | H31: (A.4) Emisor | I31: _5Emisor
D32: (A.5) Equipamiento | E32: _6Equipa | H32: (A.5) Equipamiento | I32: _6Equipa
D33: (A.7) Estudios y proyectos | E33: _8ProyEst | H33: (A.7) Estudios y proyectos | I33: _8ProyEst
A38: * Estrategias impactadas:
A39: Derechos Humanos | B39: DH
A40: Compromiso Internacional | B40: CI
A41: Proyecto prioritario | B41: PP
