Workbook
Name M_AP: Catalogos2024!$K$5:$K$9
Name ME_ALC: Catalogos2024!$K$18:$K$19
Name ME_AP: Catalogos2024!$K$5:$K$6
Name ME_SAN: Catalogos2024!$K$28:$K$29
Name N_ALC: Catalogos2024!$D$18:$D$23
Name N_AP: Catalogos2024!$D$5:$D$13
Name N_SAN: Catalogos2024!$D$28:$D$33
Name NVA_ALC: Catalogos2024!$D$18:$D$24
Name NVA_AP: Catalogos2024!$D$5:$D$14
Name NVA_SAN: Catalogos2024!$D$28:$D$36
Name R_ALC: Catalogos2024!$H$18:$H$23
Name R_AP: Catalogos2024!$H$5:$H$13
Name R_SAN: Catalogos2024!$H$28:$H$33
Name REHA_ALC: Catalogos2024!$H$18:$H$24
Name REHA_AP: Catalogos2024!$H$5:$H$14
Name REHA_SAN: Catalogos2024!$H$28:$H$34

Sheet Resumen general
E3: Programa de Agua Potable, Drenaje y Tratamiento (PROAGUA) 202__
E4: Anexo de Ejecución PROAGUA Núm. __ - __ / 202__
E5: Anexo Técnico Núm. __ / 202__
C6: Acciones para infraestructura de agua potable, alcantarillado y saneamiento en localidades rurales y urbanas
E7: R e s u m e n G e n e r a l
B8: La entidad federativa, el (los) municipio(s), el (los) organismo(s) operador(es) y las organizaciones comunitarias manifiesta(n) conocer y sujetarse a lo establecido en los Lineamientos de Operación U074 para el Programa de Agua Potable, Drenaje y Tratamiento a cargo de la Comisión Nacional del Agua, aplicables a partir de 202__ y demás normatividad aplicable, comprometiéndose a cumplirla.
B12: Entidad Federativa: __________________________________ | G12: Ejecutor:
B15: Componente/Subcomponente | D15: Localidades Rurales | K15: Localidades Urbanas
D16: Fuente de financiamiento | K16: Fuente de financiamiento
D17: Federal | E17: Estado | F17: Municipio | G17: Organismo operador | H17: Otros | I17: Total | K17: Federal | L17: Estado | M17: Municipio | N17: Organismo operador | O17: Otros | P17: Total
B19: Componente Agua potable | D19: =SUM(D20:D22) -> 0 | E19: =SUM(E20:E22) -> 0 | F19: =SUM(F20:F22) -> 0 | G19: =SUM(G20:G22) -> 0 | H19: =SUM(H20:H22) -> 0 | I19: =SUM(I20:I22) -> 0 | K19: =SUM(K20:K22) -> 0 | L19: =SUM(L20:L22) -> 0 | M19: =SUM(M20:M22) -> 0 | N19: =SUM(N20:N22) -> 0 | O19: =SUM(O20:O22) -> 0 | P19: =SUM(P20:P22) -> 0
B20: Nuevo | D20: =SUMIFS('Acciones rurales'!T16:T19,'Acciones rurales'!J16:J19,"=N") -> 0 | E20: =SUMIFS('Acciones rurales'!U16:U19,'Acciones rurales'!J16:J19,"=N") -> 0 | F20: =SUMIFS('Acciones rurales'!V16:V19,'Acciones rurales'!J16:J19,"=N") -> 0 | G20: =SUMIFS('Acciones rurales'!W16:W19,'Acciones rurales'!J16:J19,"=N") -> 0 | H20: =SUMIFS('Acciones rurales'!X16:X19,'Acciones rurales'!J16:J19,"=N") -> 0 | I20: =SUM(D20:H20) -> 0 | K20: =SUMIFS('Acciones urbanas'!T16:T19,'Acciones urbanas'!J16:J19,"=N") -> 0 | L20: =SUMIFS('Acciones urbanas'!U16:U19,'Acciones urbanas'!J16:J19,"=N") -> 0 | M20: =SUMIFS('Acciones urbanas'!V16:V19,'Acciones urbanas'!J16:J19,"=N") -> 0 | N20: =SUMIFS('Acciones urbanas'!W16:W19,'Acciones urbanas'!J16:J19,"=N") -> 0 | O20: =SUMIFS('Acciones urbanas'!X16:X19,'Acciones urbanas'!J16:J19,"=N") -> 0 | P20: =SUM(K20:O20) -> 0
B21: Rehabilitado | D21: =SUMIFS('Acciones rurales'!T16:T19,'Acciones rurales'!J16:J19,"=R") -> 0 | E21: =SUMIFS('Acciones rurales'!U16:U19,'Acciones rurales'!J16:J19,"=R") -> 0 | F21: =SUMIFS('Acciones rurales'!V16:V19,'Acciones rurales'!J16:J19,"=R") -> 0 | G21: =SUMIFS('Acciones rurales'!W16:W19,'Acciones rurales'!J16:J19,"=R") -> 0 | H21: =SUMIFS('Acciones rurales'!X16:X19,'Acciones rurales'!J16:J19,"=R") -> 0 | I21: =SUM(D21:H21) -> 0 | K21: =SUMIFS('Acciones urbanas'!T16:T19,'Acciones urbanas'!J16:J19,"=R") -> 0 | L21: =SUMIFS('Acciones urbanas'!U16:U19,'Acciones urbanas'!J16:J19,"=R") -> 0 | M21: =SUMIFS('Acciones urbanas'!V16:V19,'Acciones urbanas'!J16:J19,"=R") -> 0 | N21: =SUMIFS('Acciones urbanas'!W16:W19,'Acciones urbanas'!J16:J19,"=R") -> 0 | O21: =SUMIFS('Acciones urbanas'!X16:X19,'Acciones urbanas'!J16:J19,"=R") -> 0 | P21: =SUM(K21:O21) -> 0
B22: Mejoramiento de eficiencia | D22: =SUMIFS('Acciones rurales'!T16:T19,'Acciones rurales'!J16:J19,"=M") -> 0 | E22: =SUMIFS('Acciones rurales'!U16:U19,'Acciones rurales'!J16:J19,"=M") -> 0 | F22: =SUMIFS('Acciones rurales'!V16:V19,'Acciones rurales'!J16:J19,"=M") -> 0 | G22: =SUMIFS('Acciones rurales'!W16:W19,'Acciones rurales'!J16:J19,"=M") -> 0 | H22: =SUMIFS('Acciones rurales'!X16:X19,'Acciones rurales'!J16:J19,"=M") -> 0 | I22: =SUM(D22:H22) -> 0 | K22: =SUMIFS('Acciones urbanas'!T16:T19,'Acciones urbanas'!J16:J19,"=M") -> 0 | L22: =SUMIFS('Acciones urbanas'!U16:U19,'Acciones urbanas'!J16:J19,"=M") -> 0 | M22: =SUMIFS('Acciones urbanas'!V16:V19,'Acciones urbanas'!J16:J19,"=M") -> 0 | N22: =SUMIFS('Acciones urbanas'!W16:W19,'Acciones urbanas'!J16:J19,"=M") -> 0 | O22: =SUMIFS('Acciones urbanas'!X16:X19,'Acciones urbanas'!J16:J19,"=M") -> 0 | P22: =SUM(K22:O22) -> 0
B23: Componente Alcantarillado | D23: =SUM(D24:D26) -> 0 | E23: =SUM(E24:E26) -> 0 | F23: =SUM(F24:F26) -> 0 | G23: =SUM(G24:G26) -> 0 | H23: =SUM(H24:H26) -> 0 | I23: =SUM(I24:I26) -> 0 | K23: =SUM(K24:K26) -> 0 | L23: =SUM(L24:L26) -> 0 | M23: =SUM(M24:M26) -> 0 | N23: =SUM(N24:N26) -> 0 | O23: =SUM(O24:O26) -> 0 | P23: =SUM(P24:P26) -> 0
B24: Nuevo | D24: =SUMIFS('Acciones rurales'!T22:T25,'Acciones rurales'!J22:J25,"=N") -> 0 | E24: =SUMIFS('Acciones rurales'!U22:U25,'Acciones rurales'!J22:J25,"=N") -> 0 | F24: =SUMIFS('Acciones rurales'!V22:V25,'Acciones rurales'!J22:J25,"=N") -> 0 | G24: =SUMIFS('Acciones rurales'!W22:W25,'Acciones rurales'!J22:J25,"=N") -> 0 | H24: =SUMIFS('Acciones rurales'!X22:X25,'Acciones rurales'!J22:J25,"=N") -> 0 | I24: =SUM(D24:H24) -> 0 | K24: =SUMIFS('Acciones urbanas'!T22:T25,'Acciones urbanas'!J22:J25,"=N") -> 0 | L24: =SUMIFS('Acciones urbanas'!U22:U25,'Acciones urbanas'!J22:J25,"=N") -> 0 | M24: =SUMIFS('Acciones urbanas'!V22:V25,'Acciones urbanas'!J22:J25,"=N") -> 0 | N24: =SUMIFS('Acciones urbanas'!W22:W25,'Acciones urbanas'!J22:J25,"=N") -> 0 | O24: =SUMIFS('Acciones urbanas'!X22:X25,'Acciones urbanas'!J22:J25,"=N") -> 0 | P24: =SUM(K24:O24) -> 0
B25: Rehabilitado | D25: =SUMIFS('Acciones rurales'!T22:T25,'Acciones rurales'!J22:J25,"=R") -> 0 | E25: =SUMIFS('Acciones rurales'!U22:U25,'Acciones rurales'!J22:J25,"=R") -> 0 | F25: =SUMIFS('Acciones rurales'!V22:V25,'Acciones rurales'!J22:J25,"=R") -> 0 | G25: =SUMIFS('Acciones rurales'!W22:W25,'Acciones rurales'!J22:J25,"=R") -> 0 | H25: =SUMIFS('Acciones rurales'!X22:X25,'Acciones rurales'!J22:J25,"=R") -> 0 | I25: =SUM(D25:H25) -> 0 | K25: =SUMIFS('Acciones urbanas'!T22:T25,'Acciones urbanas'!J22:J25,"=R") -> 0 | L25: =SUMIFS('Acciones urbanas'!U22:U25,'Acciones urbanas'!J22:J25,"=R") -> 0 | M25: =SUMIFS('Acciones urbanas'!V22:V25,'Acciones urbanas'!J22:J25,"=R") -> 0 | N25: =SUMIFS('Acciones urbanas'!W22:W25,'Acciones urbanas'!J22:J25,"=R") -> 0 | O25: =SUMIFS('Acciones urbanas'!X22:X25,'Acciones urbanas'!J22:J25,"=R") -> 0 | P25: =SUM(K25:O25) -> 0
B27: Componente Saneamiento | D27: =SUM(D28:D30) -> 0 | E27: =SUM(E28:E30) -> 0 | F27: =SUM(F28:F30) -> 0 | G27: =SUM(G28:G30) -> 0 | H27: =SUM(H28:H30) -> 0 | I27: =SUM(I28:I30) -> 0 | K27: =SUM(K28:K30) -> 0 | L27: =SUM(L28:L30) -> 0 | M27: =SUM(M28:M30) -> 0 | N27: =SUM(N28:N30) -> 0 | O27: =SUM(O28:O30) -> 0 | P27: =SUM(P28:P30) -> 0
B28: Nuevo | D28: =SUMIFS('Acciones rurales'!T28:T31,'Acciones rurales'!J28:J31,"=N") -> 0 | E28: =SUMIFS('Acciones rurales'!U28:U31,'Acciones rurales'!J28:J31,"=N") -> 0 | F28: =SUMIFS('Acciones rurales'!V28:V31,'Acciones rurales'!J28:J31,"=N") -> 0 | G28: =SUMIFS('Acciones rurales'!W28:W31,'Acciones rurales'!J28:J31,"=N") -> 0 | H28: =SUMIFS('Acciones rurales'!X28:X31,'Acciones rurales'!J28:J31,"=N") -> 0 | I28: =SUM(D28:H28) -> 0 | K28: =SUMIFS('Acciones urbanas'!T28:T31,'Acciones urbanas'!J28:J31,"=N") -> 0 | L28: =SUMIFS('Acciones urbanas'!U28:U31,'Acciones urbanas'!J28:J31,"=N") -> 0 | M28: =SUMIFS('Acciones urbanas'!V28:V31,'Acciones urbanas'!J28:J31,"=N") -> 0 | N28: =SUMIFS('Acciones urbanas'!W28:W31,'Acciones urbanas'!J28:J31,"=N") -> 0 | O28: =SUMIFS('Acciones urbanas'!X28:X31,'Acciones urbanas'!J28:J31,"=N") -> 0 | P28: =SUM(K28:O28) -> 0
B29: Rehabilitado | D29: =SUMIFS('Acciones rurales'!T28:T31,'Acciones rurales'!J28:J31,"=R") -> 0 | E29: =SUMIFS('Acciones rurales'!U28:U31,'Acciones rurales'!J28:J31,"=R") -> 0 | F29: =SUMIFS('Acciones rurales'!V28:V31,'Acciones rurales'!J28:J31,"=R") -> 0 | G29: =SUMIFS('Acciones rurales'!W28:W31,'Acciones rurales'!J28:J31,"=R") -> 0 | H29: =SUMIFS('Acciones rurales'!X28:X31,'Acciones rurales'!J28:J31,"=R") -> 0 | I29: =SUM(D29:H29) -> 0 | K29: =SUMIFS('Acciones urbanas'!T28:T31,'Acciones urbanas'!J28:J31,"=R") -> 0 | L29: =SUMIFS('Acciones urbanas'!U28:U31,'Acciones urbanas'!J28:J31,"=R") -> 0 | M29: =SUMIFS('Acciones urbanas'!V28:V31,'Acciones urbanas'!J28:J31,"=R") -> 0 | N29: =SUMIFS('Acciones urbanas'!W28:W31,'Acciones urbanas'!J28:J31,"=R") -> 0 | O29: =SUMIFS('Acciones urbanas'!X28:X31,'Acciones urbanas'!J28:J31,"=R") -> 0 | P29: =SUM(K29:O29) -> 0
B31: Participación social / Atención Social | D31: ='Acciones rurales'!T34 -> 0 | E31: ='Acciones rurales'!U34 -> 0 | F31: ='Acciones rurales'!V34 -> 0 | G31: ='Acciones rurales'!W34 -> 0 | H31: ='Acciones rurales'!X34 -> 0 | I31: =SUM(D31:H31) -> 0 | K31: ='Acciones urbanas'!T34 -> 0 | L31: ='Acciones urbanas'!U34 -> 0 | M31: ='Acciones urbanas'!V34 -> 0 | N31: ='Acciones urbanas'!W34 -> 0 | O31: ='Acciones urbanas'!X34 -> 0 | P31: =SUM(K31:O31) -> 0
B32: Participación social / Contraloria Social | D32: ='Acciones rurales'!T35 -> 0 | E32: ='Acciones rurales'!U35 -> 0 | F32: ='Acciones rurales'!V35 -> 0 | G32: ='Acciones rurales'!W35 -> 0 | H32: ='Acciones rurales'!X35 -> 0 | I32: =SUM(D32:H32) -> 0 | K32: ='Acciones urbanas'!T35 -> 0 | L32: ='Acciones urbanas'!U35 -> 0 | M32: ='Acciones urbanas'!V35 -> 0 | N32: ='Acciones urbanas'!W35 -> 0 | O32: ='Acciones urbanas'!X35 -> 0 | P32: =SUM(K32:O32) -> 0
B33: Supervisión Técnica | D33: ='Acciones rurales'!T36 -> 0 | E33: ='Acciones rurales'!U36 -> 0 | F33: ='Acciones rurales'!V36 -> 0 | G33: ='Acciones rurales'!W36 -> 0 | H33: ='Acciones rurales'!X36 -> 0 | I33: =SUM(D33:H33) -> 0 | K33: ='Acciones urbanas'!T36 -> 0 | L33: ='Acciones urbanas'!U36 -> 0 | M33: ='Acciones urbanas'!V36 -> 0 | N33: ='Acciones urbanas'!W36 -> 0 | O33: ='Acciones urbanas'!X36 -> 0 | P33: =SUM(K33:O33) -> 0
B35: T O T A L | D35: =D19+D23+D27+SUM(D31:D33) -> 0 | E35: =E19+E23+E27+SUM(E31:E33) -> 0 | F35: =F19+F23+F27+SUM(F31:F33) -> 0 | G35: =G19+G23+G27+SUM(G31:G33) -> 0 | H35: =H19+H23+H27+SUM(H31:H33) -> 0 | I35: =I19+I23+I27+SUM(I31:I33) -> 0 | K35: =K19+K23+K27+SUM(K31:K33) -> 0 | L35: =L19+L23+L27+SUM(L31:L33) -> 0 | M35: =M19+M23+M27+SUM(M31:M33) -> 0 | N35: =N19+N23+N27+SUM(N31:N33) -> 0 | O35: =O19+O23+O27+SUM(O31:O33) -> 0 | P35: =P19+P23+P27+SUM(P31:P33) -> 0
I37: Montos totales (localidades rurales y urbanas) | K37: =D35+K35 -> 0 | L37: =E35+L35 -> 0 | M37: =F35+M35 -> 0 | N37: =G35+N35 -> 0 | O37: =H35+O35 -> 0 | P37: =SUM(K37:O37) -> 0
B39: Nota: Los montos de inversión en el presente Anexo Técnico, se anotarán en pesos, a dos decimales.
B40: El presente anexo técnico se firma en cuatro ejemplares originales, a los ______ días del mes de _____________ de 202_
B42: Deberán firmar las mismas personas que suscribieron el Anexo de Ejecución
B44: Por el Ejecutivo Federal | F44: Por el Beneficiario | M44: Por la Instancia Ejecutora
B45: Secretaría de Medio Ambiente y Recursos Naturales | F45: (Quien conforme a su normatividad tenga atribuciones)
B46: Comisión Nacional del Agua
B49: (nombre, cargo y firma) | F49: (nombre, cargo y firma) | M49: (nombre, cargo y firma)

Sheet Acciones rurales
F3: Programa de Agua Potable, Drenaje y Tratamiento (PROAGUA) 202__
F4: Anexo de Ejecución PROAGUA Núm. __ - __ / 202__
F5: Anexo Técnico Núm. __ / 202__
F7: Acciones para Infraestructura de agua potable, alcantarillado y saneamiento (Localidades Rurales)
I8: La entidad federativa, el (los) municipio(s), el (los) organismo(s) operador(es) y las organizaciones comunitarias manifiesta(n) conocer y sujetarse a lo establecido en los Lineamientos de Operación U074 para el Programa de Agua Potable, Drenaje y Tratamiento a cargo de la Comisión Nacional del Agua, aplicables a partir de 202__ y demás normatividad aplicable, comprometiéndose a cumplirla.
F10: Entidad Federativa: | I10: Ejecutor:
C12: No. | D12: Clave única de acción (CUA) | E12: Localización | H12: Grado de marginación (CONAPO) | I12: Nombre de la obra o acción (Descripción detallada de los trabajos a realizar) | J12: Sub componente ( N, R o M) | K12: ROP Anexo IV | L12: Metas | N12: Habitantes a beneficiar (por localidad) | T12: Estructura financiera | Z12: % de Aportación Federal | AA12: *Estrategia impactada DH, CI o PP | AB12: Criterio de selección de acción | AC12: Programa transversal **
E14: Clave INEGI (9 dígitos) | F14: Municipio | G14: Localidad | K14: Acción | L14: Unidad | M14: Cantidad | N14: Incorp. | O14: Mejor. | P14: Mujeres | Q14: Indígena | R14: Afromexicano | T14: Federal | U14: Estatal | V14: Municipal | W14: Organismo operador | X14: Otros | Y14: TOTAL
E15: Componente Agua Potable
C16: 1 | Y16: =SUM(T16:X16) -> 0
C17: 2 | Y17: =SUM(T17:X17) -> 0
C18: 3 | Y18: =SUM(T18:X18) -> 0
C19: 4 | Y19: =SUM(T19:X19) -> 0
L20: Total componente Agua Potable | N20: =SUM(N16:N19) -> 0 | O20: =SUM(O16:O19) -> 0 | P20: =SUM(P16:P19) -> 0 | Q20: =SUM(Q16:Q19) -> 0 | R20: =SUM(R16:R19) -> 0 | T20: =SUM(T16:T19) -> 0 | U20: =SUM(U16:U19) -> 0 | V20: =SUM(V16:V19) -> 0 | W20: =SUM(W16:W19) -> 0 | X20: =SUM(X16:X19) -> 0 | Y20: =SUM(Y16:Y19) -> 0
E21: Componente Alcantarillado
C22: 5 | Y22: =SUM(T22:X22) -> 0
C23: 6 | Y23: =SUM(T23:X23) -> 0
C24: 7 | Y24: =SUM(T24:X24) -> 0
C25: 8 | Y25: =SUM(T25:X25) -> 0
L26: Total componente Alcantarillado | N26: =SUM(N22:N25) -> 0 | O26: =SUM(O22:O25) -> 0 | P26: =SUM(P22:P25) -> 0 | Q26: =SUM(Q22:Q25) -> 0 | R26: =SUM(R22:R25) -> 0 | T26: =SUM(T22:T25) -> 0 | U26: =SUM(U22:U25) -> 0 | V26: =SUM(V22:V25) -> 0 | W26: =SUM(W22:W25) -> 0 | X26: =SUM(X22:X25) -> 0 | Y26: =SUM(Y22:Y25) -> 0
E27: Componente Saneamiento
C28: 9 | Y28: =SUM(T28:X28) -> 0
C29: 10 | Y29: =SUM(T29:X29) -> 0
C30: 11 | Y30: =SUM(T30:X30) -> 0
C31: 12 | Y31: =SUM(T31:X31) -> 0
L32: Total componente Saneamiento | N32: =SUM(N28:N31) -> 0 | O32: =SUM(O28:O31) -> 0 | P32: =SUM(P28:P31) -> 0 | Q32: =SUM(Q28:Q31) -> 0 | R32: =SUM(R28:R31) -> 0 | T32: =SUM(T28:T31) -> 0 | U32: =SUM(U28:U31) -> 0 | V32: =SUM(V28:V31) -> 0 | W32: =SUM(W28:W31) -> 0 | X32: =SUM(X28:X31) -> 0 | Y32: =SUM(Y28:Y31) -> 0
C34: 13 | I34: Participación social / Atención Social | L34: Expediente | Y34: =SUM(T34:X34) -> 0
C35: 14 | I35: Participación social / Contraloria Social | L35: Informe | Y35: =SUM(T35:X35) -> 0
C36: 15 | I36: Supervisión técnica | Y36: =SUM(T36:X36) -> 0
N37: =N20+N26+N32 -> 0 | O37: =SUM(O34:O36)+O20+O26+O32 -> 0 | P37: =SUM(P34:P36)+P20+P26+P32 -> 0 | Q37: =SUM(Q34:Q36)+Q20+Q26+Q32 -> 0 | R37: =SUM(R34:R36)+R20+R26+R32 -> 0 | T37: =SUM(T34:T36)+T20+T26+T32 -> 0 | U37: =SUM(U34:U36)+U20+U26+U32 -> 0 | V37: =SUM(V34:V36)+V20+V26+V32 -> 0 | W37: =SUM(W34:W36)+W20+W26+W32 -> 0 | X37: =SUM(X34:X36)+X20+X26+X32 -> 0 | Y37: =SUM(Y34:Y36)+Y20+Y26+Y32 -> 0
E39: Notas | F39: Acciones de estudios y proyectos, no registrar habitantes a beneficiar. | K39: * Estrategias impactadas: | O39: ** Programas transversales a atender:
F40: La suma de habitantes a beneficiar, no debe ser mayor a la población total. | J40: DH= Derechos Humanos | O40: P1 | P40: Desarrollo integral para pueblos y comunidades indígenas.
F41: El presente anexo se llenará por la instancia ejecutora. | J41: CI= Compromiso Internacional | O41: P2 | P41: Programa Especial Concurrente para el desarrollo rural sustentable (PEC)
F42: Los montos de inversión en el presente anexo técnico, se anotarán en pesos, a dos decimales. | J42: PP= Proyecto prioritario | O42: P3 | P42: Adaptación y mitigación de los efectos de cambio climático
O43: P4 | P43: Programa para superar la pobreza
F45: El presente anexo técnico se firma en cuatro ejemplares originales, a los ______ días del mes de _____________ de 202_
F48: Por el Ejecutivo Federal | L48: Por el Beneficiario | W48: Por la Instancia Ejecutora
F49: Secretaría de Medio Ambiente y Recursos Naturales | K49: (Quien conforme a su normatividad tenga atribuciones)
F50: Comisión Nacional del Agua
F53: (nombre, cargo y firma) | L53: (nombre, cargo y firma) | W53: (nombre, cargo y firma)

Sheet Acciones urbanas
F3: Programa de Agua Potable, Drenaje y Tratamiento (PROAGUA) 202__
F4: Anexo de Ejecución PROAGUA Núm. __ - __ / 202__
F5: Anexo Técnico Núm. __ / 202__
F7: Acciones para Infraestructura de agua potable, alcantarillado y saneamiento (Localidades Urbanas)
I8: La entidad federativa, el (los) municipio(s), el (los) organismo(s) operador(es) y las organizaciones comunitarias manifiesta(n) conocer y sujetarse a lo establecido en los Lineamientos de Operación U074 para el Programa de Agua Potable, Drenaje y Tratamiento a cargo de la Comisión Nacional del Agua, aplicables a partir de 202__ y demás normatividad aplicable, comprometiéndose a cumplirla.
F10: Entidad Federativa: | I10: Ejecutor:
C12: No. | D12: Clave única de acción (CUA) | E12: Localización | H12: Grado de marginación (CONAPO) | I12: Nombre de la obra o acción (Descripción detallada de los trabajos a realizar) | J12: Sub componente ( N, R o M) | K12: ROP Anexo IV | L12: Metas | N12: Habitantes a beneficiar (por localidad) | T12: Estructura financiera | Z12: % de Aportación Federal | AA12: *Estrategia impactada DH, CI o PP | AB12: Criterio de selección de acción | AC12: Programa transversal **
E14: Clave INEGI (9 dígitos) | F14: Municipio | G14: Localidad | K14: Acción | L14: Unidad | M14: Cantidad | N14: Incorp. | O14: Mejor. | P14: Mujeres | Q14: Indígena | R14: Afromexicano | T14: Federal | U14: Estatal | V14: Municipal | W14: Organismo operador | X14: Otros | Y14: TOTAL
E15: Componente Agua Potable
C16: 1 | Y16: =SUM(T16:X16) -> 0
C17: 2 | Y17: =SUM(T17:X17) -> 0
C18: 3 | Y18: =SUM(T18:X18) -> 0
C19: 4 | Y19: =SUM(T19:X19) -> 0
L20: Total componente Agua Potable | N20: =SUM(N16:N19) -> 0 | O20: =SUM(O16:O19) -> 0 | P20: =SUM(P16:P19) -> 0 | Q20: =SUM(Q16:Q19) -> 0 | R20: =SUM(R16:R19) -> 0 | T20: =SUM(T16:T19) -> 0 | U20: =SUM(U16:U19) -> 0 | V20: =SUM(V16:V19) -> 0 | W20: =SUM(W16:W19) -> 0 | X20: =SUM(X16:X19) -> 0 | Y20: =SUM(Y16:Y19) -> 0
E21: Componente Alcantarillado
C22: 5 | Y22: =SUM(T22:X22) -> 0
C23: 6 | Y23: =SUM(T23:X23) -> 0
C24: 7 | Y24: =SUM(T24:X24) -> 0
C25: 8 | Y25: =SUM(T25:X25) -> 0
L26: Total componente Alcantarillado | N26: =SUM(N22:N25) -> 0 | O26: =SUM(O22:O25) -> 0 | P26: =SUM(P22:P25) -> 0 | Q26: =SUM(Q22:Q25) -> 0 | R26: =SUM(R22:R25) -> 0 | T26: =SUM(T22:T25) -> 0 | U26: =SUM(U22:U25) -> 0 | V26: =SUM(V22:V25) -> 0 | W26: =SUM(W22:W25) -> 0 | X26: =SUM(X22:X25) -> 0 | Y26: =SUM(Y22:Y25) -> 0
E27: Componente Saneamiento
C28: 9 | Y28: =SUM(T28:X28) -> 0
C29: 10 | Y29: =SUM(T29:X29) -> 0
C30: 11 | Y30: =SUM(T30:X30) -> 0
C31: 12 | Y31: =SUM(T31:X31) -> 0
L32: Total componente Saneamiento | N32: =SUM(N28:N31) -> 0 | O32: =SUM(O28:O31) -> 0 | P32: =SUM(P28:P31) -> 0 | Q32: =SUM(Q28:Q31) -> 0 | R32: =SUM(R28:R31) -> 0 | T32: =SUM(T28:T31) -> 0 | U32: =SUM(U28:U31) -> 0 | V32: =SUM(V28:V31) -> 0 | W32: =SUM(W28:W31) -> 0 | X32: =SUM(X28:X31) -> 0 | Y32: =SUM(Y28:Y31) -> 0
C34: 13 | I34: Participación social / Atención Social | L34: Expediente | Y34: =SUM(T34:X34) -> 0
C35: 14 | I35: Participación social / Contraloria Social | L35: Informe | Y35: =SUM(T35:X35) -> 0
C36: 15 | I36: Supervisión técnica | Y36: =SUM(T36:X36) -> 0
N37: =N20+N26+N32 -> 0 | O37: =SUM(O34:O36)+O20+O26+O32 -> 0 | P37: =SUM(P34:P36)+P20+P26+P32 -> 0 | Q37: =SUM(Q34:Q36)+Q20+Q26+Q32 -> 0 | R37: =SUM(R34:R36)+R20+R26+R32 -> 0 | T37: =SUM(T34:T36)+T20+T26+T32 -> 0 | U37: =SUM(U34:U36)+U20+U26+U32 -> 0 | V37: =SUM(V34:V36)+V20+V26+V32 -> 0 | W37: =SUM(W34:W36)+W20+W26+W32 -> 0 | X37: =SUM(X34:X36)+X20+X26+X32 -> 0 | Y37: =SUM(Y34:Y36)+Y20+Y26+Y32 -> 0
E39: NOTAS | F39: Acciones de estudios y proyectos, no registrar habitantes a beneficiar. | K39: * Estrategias impactadas: | O39: ** Programas transversales a atender:
F40: La suma de habitantes a beneficiar, no debe ser mayor a la población total. | J40: DH= Derechos Humanos | O40: P1 | P40: Desarrollo integral para pueblos y comunidades indígenas.
F41: El presente anexo se llenará por la instancia ejecutora. | J41: CI= Compromiso Internacional | O41: P2 | P41: Programa Especial Concurrente para el desarrollo rural sustentable (PEC)
F42: Los montos de inversión en el presente anexo técnico, se anotarán en pesos, a dos decimales. | J42: PP= proyecto prioritario | O42: P3 | P42: Adaptación y mitigación de los efectos de cambio climático
O43: P4 | P43: Programa para superar la pobreza
F45: El presente anexo técnico se firma en cuatro ejemplares originales, a los ______ días del mes de _____________ de 202_
F48: Por el Ejecutivo Federal | L48: Por el Beneficiario | W48: Por la Instancia Ejecutora
F49: Secretaría de Medio Ambiente y Recursos Naturales | K49: (Quien conforme a su normatividad tenga atribuciones)
F50: Comisión Nacional del Agua
G53: (nombre, cargo y firma) | L53: (nombre, cargo y firma) | W53: (nombre, cargo y firma)

Sheet Catalogos2024
A1: SUBCOMPONENTES | D1: TIPOS DE ACCION POR SUBCOMPOENTES Agua, Alcantarillado y Saneamiento
D3: =INDIRECTO("N_AP") | H3: =INDIRECTO("R_AP") | K3: =INDIRECTO("M_AP")
A4: SubComponente Agua Potable | B4: Indice | D4: N_AP | E4: Indice | H4: R_AP | I4: Indice | K4: M_AP | L4: Indice
A5: N | B5: N_AP | D5: (A.1) Obra de captación subterránea | E5: _1ObrCapSub | H5: (A.1) Obra de captación subterránea | I5: _1ObrCapSub | K5: (A.1) Equipamiento o instrumentación
A6: R | B6: R_AP | D6: (A.2) Obra de captación superficial | E6: _2ObrCapSup | H6: (A.2) Obra de captación superficial | I6: _2ObrCapSup | K6: (A.2) Sistema comercial
A7: M | B7: M_AP | D7: (A.3) Línea de conducción | E7: _3LinConduc | H7: (A.3) Línea de conducción | I7: _3LinConduc | K7: (A.3) Estudios y diagnósticos
D8: (A.4) Tanque | E8: _4Tque | H8: (A.4) Tanque | I8: _4Tque | K8: (A.4) Pérdidas físicas de agua
D9: (A.5) Planta potabilizadora | E9: _5PP | H9: (A.5) Planta potabilizadora | I9: _5PP | K9: (A.5) Fortalecimiento de capacidades | L9: _1Capa
A10: SubComponente Alcantarillado | B10: Indice | D10: (A.6) Redes de distribución | E10: _6RedDistri | H10: (A.6) Redes de distribución | I10: _6RedDistri
A11: N | B11: N_ALC | D11: (A.7) Equipamiento | E11: _8Equip | H11: (A.7) Equipamiento | I11: _8Equip
A12: R | B12: R_ALC | D12: (A.8) Sistema integrado | E12: _9SisInte | H12: (A.8) Sistema integrado | I12: _9SisInte
D13: (A.10) Estudios y proyectos | E13: _11ProyEst | H13: (A.10) Estudios y proyectos | I13: _11ProyEst
A16: SubComponente Saneamiento | B16: Indice | D16: =INDIRECTO("N_ALC") | H16: =INDIRECTO("R_ALC") | K16: =INDIRECTO("M_ALC")
A17: N | B17: N_SAN | D17: N_ALC | E17: Indice | H17: R_ALC | I17: Indice | K17: M_ALC | L17: Indice
A18: R | B18: R_SAN | D18: (A.1) Sistema de atarjeas | E18: _1SistAtarjea | H18: (A.1) Sistema de atarjeas | I18: _1SistAtarjea
D19: (A.2) Sistema de colectores | E19: _2SistColec | H19: (A.2) Sistema de colectores | I19: _2SistColec
D20: (A.3) Equipamiento | E20: _4Equip | H20: (A.3) Equipamiento | I20: _4Equip
D21: (A.4) Sistema integrado* | E21: _5SisInte | H21: (A.4) Sistema integrado* | I21: _5SisInte
D22: (A.6) Estudios y proyectos | E22: _7ProyEst | H22: (A.6) Estudios y proyectos | I22: _7ProyEst
D26: =INDIRECTO("N_SAN") | H26: =INDIRECTO("R_SAN") | K26: =INDIRECTO("M_SAN")
D27: N_SAN | E27: Indice | H27: R_SAN | I27: Indice | K27: M_SAN | L27: Indice
D28: (A.1) Saneamiento básico | E28: _1SaneaBas | H28: (A.1) Saneamiento básico | I28: _1SaneaBas
D29: (A.2) Planta de tratamiento de aguas residuales | E29: _2PTAR | H29: (A.2) Planta de tratamiento de aguas residuales | I29: _2PTAR
D30: (A.3) Reutilización o intercambio de agua tratada | E30: _4ReuInter | H30: (A.3) Reutilización o intercambio de agua tratada | I30: _4ReuInter
D31: (A.4) Emisor | E31: _5Emisor | H31: (A.4) Emisor | I31: _5Emisor
D32: (A.5) Equipamiento | E32: _6Equipa | H32: (A.5) Equipamiento | I32: _6Equipa
D33: (A.7) Estudios y proyectos | E33: _8ProyEst | H33: (A.7) Estudios y proyectos | I33: _8ProyEst
A38: * Estrategias impactadas:
A39: Derechos Humanos | B39: DH
A40: Compromiso Internacional | B40: CI
A41: Proyecto prioritario | B41: PP
